{
  "id": "",
  "name": "",
  "font_family": "iconfont",
  "css_prefix_text": "icon-",
  "description": "",
  "glyphs": [
    {
      "icon_id": "748891",
      "name": "更多",
      "font_class": "gengduo",
      "unicode": "e63e",
      "unicode_decimal": 58942
    },
    {
      "icon_id": "1717264",
      "name": "用户",
      "font_class": "yonghu",
      "unicode": "e70c",
      "unicode_decimal": 59148
    },
    {
      "icon_id": "4218291",
      "name": "搜索",
      "font_class": "sousuo",
      "unicode": "e621",
      "unicode_decimal": 58913
    },
    {
      "icon_id": "5807875",
      "name": "分类",
      "font_class": "fenlei",
      "unicode": "e6f7",
      "unicode_decimal": 59127
    },
    {
      "icon_id": "9824718",
      "name": "订单列表",
      "font_class": "dingdanliebiao",
      "unicode": "e606",
      "unicode_decimal": 58886
    },
    {
      "icon_id": "11292695",
      "name": "首页",
      "font_class": "shouye",
      "unicode": "e60c",
      "unicode_decimal": 58892
    },
    {
      "icon_id": "12801493",
      "name": "分类-选中",
      "font_class": "leimupinleifenleileibie",
      "unicode": "e503",
      "unicode_decimal": 58627
    },
    {
      "icon_id": "13965694",
      "name": "表单  列表-14",
      "font_class": "biaodanliebiao-",
      "unicode": "e652",
      "unicode_decimal": 58962
    },
    {
      "icon_id": "15022539",
      "name": "购物车",
      "font_class": "gouwuche",
      "unicode": "e514",
      "unicode_decimal": 58644
    }
  ]
}
